-- phpMyAdmin SQL Dump
-- version 4.6.5.2
-- https://www.phpmyadmin.net/
--
-- Host: 127.0.0.1
-- Generation Time: 21-Maio-2017 às 03:24
-- Versão do servidor: 10.1.21-MariaDB
-- PHP Version: 7.1.1

SET SQL_MODE = "NO_AUTO_VALUE_ON_ZERO";
SET time_zone = "+00:00";


/*!40101 SET @OLD_CHARACTER_SET_CLIENT=@@CHARACTER_SET_CLIENT */;
/*!40101 SET @OLD_CHARACTER_SET_RESULTS=@@CHARACTER_SET_RESULTS */;
/*!40101 SET @OLD_COLLATION_CONNECTION=@@COLLATION_CONNECTION */;
/*!40101 SET NAMES utf8mb4 */;

--
-- Database: `gamerquiz`
--
CREATE DATABASE IF NOT EXISTS `gamerquiz` DEFAULT CHARACTER SET utf8mb4 COLLATE utf8mb4_general_ci;
USE `gamerquiz`;

-- --------------------------------------------------------

--
-- Estrutura da tabela `categoria`
--

CREATE TABLE `categoria` (
  `id` mediumint(9) NOT NULL,
  `nome` varchar(191) NOT NULL
) ENGINE=InnoDB DEFAULT CHARSET=utf8mb4;

--
-- Extraindo dados da tabela `categoria`
--

INSERT INTO `categoria` (`id`, `nome`) VALUES
(1, 'Banco de Dados'),
(2, 'Desenvolvimento Web'),
(3, 'Hardware'),
(4, 'Programação'),
(5, 'Redes'),
(6, 'Segurança da Informação');

-- --------------------------------------------------------

--
-- Estrutura da tabela `escolha`
--

CREATE TABLE `escolha` (
  `id` mediumint(9) NOT NULL,
  `pergunta_id` mediumint(9) NOT NULL,
  `descricao` varchar(500) NOT NULL
) ENGINE=InnoDB DEFAULT CHARSET=utf8mb4;

--
-- Extraindo dados da tabela `escolha`
--

INSERT INTO `escolha` (`id`, `pergunta_id`, `descricao`) VALUES
(1, 1, 'Linux e Mac OS-X apenas'),
(2, 1, 'Qualquer um'),
(3, 1, 'Unix e Linux apenas'),
(4, 1, 'Unix, Linux, Windows e outros'),
(5, 2, 'NO DUPLICATE'),
(6, 2, 'UNIQUE'),
(7, 2, 'Nenhuma das respostas anteriores'),
(8, 2, 'DISTINCT'),
(9, 3, 'Add'),
(10, 3, 'Update'),
(11, 3, 'Alter'),
(12, 3, 'Insert'),
(13, 4, 'Um Browser'),
(14, 4, 'Perl, PHP ou Java'),
(15, 4, 'FTP e Telnet'),
(16, 4, 'Algum tipo de programa para acessar os banco de dados'),
(17, 5, 'UPDATE'),
(18, 5, 'ADD'),
(19, 5, 'INSERT NEW'),
(20, 5, 'INSERT INTO'),
(21, 6, 'LIKE *ton'),
(22, 6, 'LIKE ton$'),
(23, 6, 'LIKE ^.*ton$'),
(24, 6, 'LIKE %qpt'),
(25, 7, 'Uma linguagem de Programação'),
(26, 7, 'Uma tecnica para escrever programs confiáveis'),
(27, 7, 'linguagem de banco'),
(28, 7, 'Um Sistema de Gerenciamento de Banco de dados Relacionais'),
(29, 8, 'LIKE ??????'),
(30, 8, 'LIKE .{6} Answer 5: LIKE ^.{6}$'),
(31, 8, 'LIKE ...... (6 pontos)'),
(32, 8, 'LIKE ______ (6 underscore characters)'),
(33, 9, 'getTime()'),
(34, 9, 'Time()'),
(35, 9, 'nowtime()'),
(36, 9, 'NOW()'),
(37, 10, 'COUNT'),
(38, 10, 'MIN'),
(39, 10, 'MAX'),
(40, 10, 'COMPUTE'),
(41, 11, 'mysql_drop_database'),
(42, 11, 'mysql_drop_entiredb'),
(43, 11, 'mysql_drop_dbase'),
(44, 11, 'mysql_drop_db'),
(45, 12, '55'),
(46, 12, '72'),
(47, 12, '40'),
(48, 12, '64'),
(49, 13, 'CREATE ?I student'),
(50, 13, 'DATABASE /student'),
(51, 13, 'DATABSE student'),
(52, 13, 'CREATE DATABASE student'),
(53, 14, 'TRUNCATE'),
(54, 14, 'DEL'),
(55, 14, 'INSERT'),
(56, 14, 'DROP'),
(57, 15, 'É usado para carregar código de outro arquivo'),
(58, 15, 'tornou-se obsoleta e deve ser evitado por razões de segurança'),
(59, 15, 'É um pseudônimo para o comando SELECT'),
(60, 15, 'Altera o contexto de banco de dados para o banco de dados ou instantâneo de banco de dados especificado no SQL Server'),
(61, 16, 'mysql'),
(62, 16, 'httpd'),
(63, 16, 'lul'),
(64, 16, 'mysql.exe'),
(65, 17, 'Todos os registros de uma tabela que correspondem à anterior cláusula WHERE'),
(66, 17, 'SELECT é inválido sem uma cláusula WHERE'),
(67, 17, 'Nada'),
(68, 17, 'Todos os registros de uma tabela ou de informações sobre todos os registros'),
(69, 18, 'O ID que o usuário conectado ao servidor através e privilégios criados para essa conta'),
(70, 18, 'A segurança login normal é suficiente para MySQL, e ele não tem qualquer controle extra de seu próprio.'),
(71, 18, 'Uma tabela de endereços IP válidos, e os privilégios criados para cada endereço IP'),
(72, 18, 'As contas de login MySQL e privilégios estabelecidos para cada conta'),
(73, 19, 'Falso'),
(74, 19, 'Ambos Verdadeiro ou Falso'),
(75, 19, 'Nenhuma das respostas acima'),
(76, 19, 'Verdadeiro'),
(77, 20, 'Strong Question Language'),
(78, 20, 'Structured Question Language'),
(79, 20, 'Strong Query Language'),
(80, 20, 'Structured Query Language'),
(81, 21, 'EXTRACT'),
(82, 21, 'OPEN'),
(83, 21, 'GET'),
(84, 21, 'SELECT'),
(85, 22, 'MODIFY'),
(86, 22, 'SAVE AS'),
(87, 22, 'SAVE'),
(88, 22, 'UPDATE'),
(89, 23, 'COLLAPSE'),
(90, 23, 'DEL'),
(91, 23, 'REMOVE'),
(92, 23, 'DELETE'),
(93, 24, 'ADD NEW'),
(94, 24, 'ADD RECORD'),
(95, 24, 'INSERT NEW'),
(96, 24, 'INSERT INTO'),
(97, 25, 'SELECT pessoa.nome'),
(98, 25, 'SELECT INTO nome FROM pessoa'),
(99, 25, 'EXTRACT nome FROM pessoa'),
(100, 25, 'SELECT nome FROM pessoa'),
(101, 26, 'SELECT Pessoa'),
(102, 26, 'SELECT *.Pessoa'),
(103, 26, 'SELECT [all] FROM Pessoa'),
(104, 26, 'SELECT * FROM Pessoa'),
(105, 27, 'SELECT [all] FROM Pessoa WHERE nome LIKE \"Peter\"'),
(106, 27, 'SELECT [all] FROM Pessoa WHERE nome=\"Peter\"'),
(107, 27, 'SELECT * FROM Pessoa WHERE nome<>\"Peter\"'),
(108, 27, 'SELECT * FROM Pessoa WHERE nome=\"Peter\"'),
(109, 28, 'SELECT * FROM Pessoa WHERE nome=\"a\"'),
(110, 28, 'SELECT * FROM Pessoa WHERE nome LIKE \"%a\"'),
(111, 28, 'SELECT * FROM Pessoa WHERE nome=\"%a%\"'),
(112, 28, 'SELECT * FROM Pessoa WHERE nome LIKE \"a%\"'),
(113, 29, 'SELECT * FROM Pessoa WHERE nome<>\"Peter\" AND sobrenome<>\"Jackson\"'),
(114, 29, 'SELECT * FROM Pessoa WHERE nome=\"Peter\" THEN sobrenome=\"Jackson\"'),
(115, 29, 'SELECT nome=\"Peter\", sobrenome=\"Jackson\" FROM Pessoa'),
(116, 29, 'SELECT * FROM Pessoa WHERE nome=\"Peter\" AND sobrenome=\"Jackson\"'),
(117, 30, 'SELECT * FROM Pessoa WHERE Sobrenome INTO \"Hansen\" AND \"Pettersen\"'),
(118, 30, 'SELECT Sobrenome>\"Hansen\" AND Sobrenome<\"Pettersen\" FROM Pessoa'),
(119, 30, 'SELECT * FROM Pessoa WHERE Sobrenome>\"Hansen\" AND Sobrenome<\"Pettersen\"'),
(120, 30, 'SELECT * FROM Pessoa WHERE Sobrenome BETWEEN \"Hansen\" AND \"Pettersen\"'),
(121, 31, 'SELECT UNIQUE'),
(122, 31, 'SELECT DIFFERENT'),
(123, 31, 'SELECT VALUES'),
(124, 31, 'SELECT DISTINCT'),
(125, 32, 'SORT'),
(126, 32, 'ORDER'),
(127, 32, 'SORT BY'),
(128, 32, 'ORDER BY'),
(129, 33, 'SELECT * FROM Pessoa SORT BY \"nome\" DESC'),
(130, 33, 'SELECT * FROM Pessoa ORDER nome DESC'),
(131, 33, 'SELECT * FROM Pessoa SORT \"nome\" DESC'),
(132, 33, 'SELECT * FROM Pessoa ORDER BY nome DESC'),
(133, 34, 'INSERT (\"Jimmy\", \"Jackson\") INTO Pessoa'),
(134, 34, 'INSERT VALUES (\"Jimmy\", \"Jackson\") INTO Pessoa'),
(135, 34, 'INSERT INTO VALUES (\"Jimmy\", \"Jackson\")'),
(136, 34, 'INSERT INTO Pessoa VALUES (\"Jimmy\", \"Jackson\")'),
(137, 35, 'INSERT INTO Pessoa (\"Olsen\") INTO Sobrenome'),
(138, 35, 'INSERT Pessoa (Sobrenome) INTO (\"Olsen\")'),
(139, 35, 'INSERT (\"Olsen\") INTO Pessoa (Sobrenome)'),
(140, 35, 'INSERT INTO Pessoa (Sobrenome) VALUES (\"Olsen\")'),
(141, 36, 'DELETE ROW Pessoa WHERE nome = \"Peter\"'),
(142, 36, 'DELETE Pessoa WHERE nome = \"Peter\"'),
(143, 36, 'DELETE Pessoa INTO nome = \"Peter\"'),
(144, 36, 'DELETE FROM Pessoa WHERE nome = \"Peter\"'),
(145, 37, 'SELECT COUNT() FROM Pessoa'),
(146, 37, 'SELECT COLUMNS() FROM Pessoa'),
(147, 37, 'SELECT COLUMNS(*) FROM Pessoa'),
(148, 37, 'SELECT COUNT(*) FROM Pessoa'),
(149, 38, 'JOINED'),
(150, 38, 'JOINED TABLE'),
(151, 38, 'INSIDE JOIN'),
(152, 38, 'INNER JOIN'),
(153, 39, 'WITHIN'),
(154, 39, 'RANGE'),
(155, 39, 'MAX'),
(156, 39, 'BETWEEN'),
(157, 40, 'FROM'),
(158, 40, 'GET'),
(159, 40, 'RANGE'),
(160, 40, 'LIKE'),
(161, 41, 'CREATE DATABASE TABLE'),
(162, 41, 'CREATE DATABASE TAB'),
(163, 41, 'CREATE DB'),
(164, 41, 'CREATE TABLE'),
(165, 42, 'ROLLBACK'),
(166, 42, 'WITHIN'),
(167, 42, 'RANGE'),
(168, 42, 'COMMIT'),
(169, 43, 'RANGE'),
(170, 43, 'WITHIN'),
(171, 43, 'COMMIT'),
(172, 43, 'ROLLBACK'),
(173, 44, 'Realizar select, apagar dados e atualizar dados.'),
(174, 44, 'Realizar select para consultas.'),
(175, 44, 'Consultar tabelas, inserir dados e apagar tabelas.'),
(176, 44, 'Criar tabelas, inserir dados, apagar dados e atualizar dados.'),
(177, 45, 'Update Table'),
(178, 45, 'Insert Table'),
(179, 45, 'Modify Table'),
(180, 45, 'Alter Table'),
(181, 46, 'DEFINE BY'),
(182, 46, 'FROM'),
(183, 46, 'GROUP BY'),
(184, 46, 'WHERE'),
(185, 47, 'MAX'),
(186, 47, 'SOMA'),
(187, 47, 'MIM'),
(188, 47, 'SUM'),
(189, 48, 'MAIOR'),
(190, 48, 'SUM'),
(191, 48, 'COUNT'),
(192, 48, 'MAX'),
(193, 49, 'ORDER BY'),
(194, 49, 'WHERE'),
(195, 49, 'SELECT'),
(196, 49, 'FROM'),
(197, 50, 'GROUP TABLE'),
(198, 50, 'GROUP'),
(199, 50, 'GROUP HAVING'),
(200, 50, 'GROUP BY'),
(201, 51, 'Home Text Markup Language'),
(202, 51, 'Hyperlinks and Text Markup Language'),
(203, 51, 'Home Tool Markup Language'),
(204, 51, 'Hyper Text Markup Language'),
(205, 52, 'Mozilla'),
(206, 52, 'Google'),
(207, 52, 'Microsoft'),
(208, 52, 'The World Wide Web Consortium'),
(209, 53, '<h6>'),
(210, 53, '<heading>'),
(211, 53, '<head>'),
(212, 53, '<h1>'),
(213, 54, '<td>'),
(214, 54, '<rb>'),
(215, 54, '<break>'),
(216, 54, '<br>'),
(217, 55, '<background>yellow</background>'),
(218, 55, '<body bg=\"yellow\">'),
(219, 55, '<body=\"background:yellow\">'),
(220, 55, '<body style=\"background-color:yellow;\">'),
(221, 56, '<i>'),
(222, 56, '<important>'),
(223, 56, '<b>'),
(224, 56, '<strong>'),
(225, 57, '<i>'),
(226, 57, '<enf>'),
(227, 57, '<italic>'),
(228, 57, '<em>'),
(229, 58, '<a>http://www.teste.com.br</a>'),
(230, 58, '<a name=\"http://www.teste.com.br\">teste</a>'),
(231, 58, '<a url=\"http://www.teste.com.br\">teste</a>'),
(232, 58, '<a href=\"http://www.teste.com.br\">teste</a>'),
(233, 59, '^'),
(234, 59, '*'),
(235, 59, '%'),
(236, 59, '/'),
(237, 60, '<a href=\"url\" target=\"new\">'),
(238, 60, '<a href=\"url\" new>'),
(239, 60, '<a href=\"url\" trg=\"new\">'),
(240, 60, '<a href=\"url\" target=\"_blank\">'),
(241, 61, '<thead><body><tr>'),
(242, 61, '<table><tr><tt>'),
(243, 61, '<table><head><tfoot>'),
(244, 61, '<table><tr><td>'),
(245, 62, '<dl>'),
(246, 62, '<list>'),
(247, 62, '<ul>'),
(248, 62, '<ol>'),
(249, 63, '<dl>'),
(250, 63, '<ol>'),
(251, 63, '<list>'),
(252, 63, '<ul>'),
(253, 64, '<input type=\"check\">'),
(254, 64, '<checkbox>'),
(255, 64, '<check>'),
(256, 64, '<input type=\"checkbox\">'),
(257, 65, '<textinput type=\"text\">'),
(258, 65, '<input type=\"textfield\">'),
(259, 65, '<textfield>'),
(260, 65, '<input type=\"text\">'),
(261, 66, '<input type=\"dropdown\">'),
(262, 66, '<list>'),
(263, 66, '<input type=\"list\">'),
(264, 66, '<select>'),
(265, 67, '<input type=\"textarea\">'),
(266, 67, '<input type=\"textbox\">'),
(267, 67, '<\"textbox\">'),
(268, 67, '<textarea>'),
(269, 68, '<img alt=\"Minha Imagem\">image.gif</img>'),
(270, 68, '<image src=\"image.gif\" alt=\"Minha Imagem\">'),
(271, 68, '<img href=\"image.gif\" alt=\"Minha Imagem\">'),
(272, 68, '<img src=\"image.gif\" alt=\"Minha Imagem\">'),
(273, 69, '<background img=\"background.gif\">'),
(274, 69, '<body =\"background:url(background.gif)\">'),
(275, 69, '<body bg=\"background.gif\">'),
(276, 69, '<body style=\"background-image:url(background.gif)\">'),
(277, 70, 'Personal Hypertext Processor'),
(278, 70, 'Private Home Page'),
(279, 70, 'todas estão erradas'),
(280, 70, 'PHP: Hypertext Preprocessor'),
(281, 71, '\"Olá Mundo\";'),
(282, 71, 'Document.Write ( \"Olá Mundo\");'),
(283, 71, 'printf(\"Olá Mundo\");'),
(284, 71, 'Echo \"Olá Mundo\";'),
(285, 72, '&'),
(286, 72, '!'),
(287, 72, '#'),
(288, 72, '$'),
(289, 73, '.'),
(290, 73, '//'),
(291, 73, '</ Php>'),
(292, 73, ';'),
(293, 74, 'Request.QueryString;'),
(294, 74, 'Request.Form;'),
(295, 74, 'Request.get;'),
(296, 74, '$ _GET [];'),
(297, 75, 'create myFunction()'),
(298, 75, 'new_function myFunction()'),
(299, 75, 'create newFuntion()'),
(300, 75, 'function myFunction()'),
(301, 76, '<?php include file=\"time.inc\"; ?>'),
(302, 76, '<?php include:\"time.inc\"; ?>'),
(303, 76, '<!-- include file=\"time.inc\" -->'),
(304, 76, '<?php include \"time.inc\"; ?>'),
(305, 77, 'cont++;'),
(306, 77, '++cont'),
(307, 77, '$cont =+1'),
(308, 77, '$cont++;'),
(309, 78, '$cars = array[\"Volvo\", \"BMW\", \"Toyota\"];'),
(310, 78, '$cars = \"Volvo\", \"BMW\", \"Toyota\";'),
(311, 78, '$cars = {\"Volvo\", \"BMW\", \"Toyota\"}:'),
(312, 78, '$cars = array(\"Volvo\", \"BMW\", \"Toyota\");'),
(313, 79, '=='),
(314, 79, '!='),
(315, 79, '='),
(316, 79, '==='),
(317, 80, 'Colorful Style Sheets'),
(318, 80, 'Creative Style Sheets'),
(319, 80, 'Computer Style Sheets'),
(320, 80, 'Cascading Style Sheets'),
(321, 81, '<css>'),
(322, 81, '<script>'),
(323, 81, '<body>'),
(324, 81, '<style>'),
(325, 82, 'font'),
(326, 82, 'class'),
(327, 82, 'styles'),
(328, 82, 'style'),
(329, 83, 'color-text'),
(330, 83, 'color'),
(331, 83, 'bgcolor'),
(332, 83, 'background-color'),
(333, 84, 'text-size'),
(334, 84, 'font-style'),
(335, 84, 'text-style'),
(336, 84, 'font-size'),
(337, 85, 'a {decoration:no-underline;}'),
(338, 85, 'a {underline:none;}'),
(339, 85, 'a {text-decoration:no-underline;}'),
(340, 85, 'a {text-decoration:none;}'),
(341, 86, 'font'),
(342, 86, 'font-element'),
(343, 86, 'font-family'),
(344, 86, 'Tanto font-family como font podem ser usados'),
(345, 87, '*teste'),
(346, 87, 'teste'),
(347, 87, '.teste'),
(348, 87, '#teste'),
(349, 88, '#teste'),
(350, 88, 'teste'),
(351, 88, '*teste'),
(352, 88, '.teste'),
(353, 89, 'div + p'),
(354, 89, 'div.p'),
(355, 89, 'div*p'),
(356, 89, 'div p'),
(357, 90, '<javascript>'),
(358, 90, '<scripting>'),
(359, 90, '<js>'),
(360, 90, '<script>'),
(361, 91, 'function:myFunction()'),
(362, 91, 'function = myFunction()'),
(363, 91, 'function =:myFunction()'),
(364, 91, 'function myFunction()'),
(365, 92, 'for (i <= 5; i ++)'),
(366, 92, 'for (i = 0: i <= 5: i ++)'),
(367, 92, 'for (i = 0; i <= 5; i ++);'),
(368, 92, 'for (i = 0; i <= 5; i ++)'),
(369, 93, 'rnd(7.25)'),
(370, 93, 'Math.rnd(7.25)'),
(371, 93, 'round(7.25)'),
(372, 93, 'Math.round (7.25)'),
(373, 94, 'Math.ceil(x, y)'),
(374, 94, 'ceil(x, y)'),
(375, 94, 'top(x, y)'),
(376, 94, 'Math.max (x, y)'),
(377, 95, 'v =: carName;'),
(378, 95, 'var:carName;'),
(379, 95, 'v=carName;'),
(380, 95, 'var carName;'),
(381, 96, '-'),
(382, 96, '*'),
(383, 96, '&'),
(384, 96, '='),
(385, 97, 'false'),
(386, 97, 'error'),
(387, 97, 'nada'),
(388, 97, 'true'),
(389, 98, '<Script href = \"xxx.js\">'),
(390, 98, '<Script name = \"xxx.js\">'),
(391, 98, '<Script ext.name = \"xxx.js\">'),
(392, 98, '<Script src = \"xxx.js\">'),
(393, 99, 'msg(\"Olá Mundo\");'),
(394, 99, 'alertBox(\"Olá Mundo\");'),
(395, 99, 'msgBox(\"Olá Mundo\");'),
(396, 99, 'alert(\"Olá Mundo\");'),
(397, 100, 'call testeFuncao()'),
(398, 100, 'function testeFuncao()'),
(399, 100, 'testeFuncao(call)'),
(400, 100, 'testeFuncao()'),
(401, 101, 'Hub'),
(402, 101, 'Acess point'),
(403, 101, 'Switch'),
(404, 101, 'Modem'),
(405, 102, 'No disco rígido'),
(406, 102, 'No disco rígido e memória RAM'),
(407, 102, 'Em dispositivos removidos com segurança'),
(408, 102, 'Na memória RAM'),
(409, 103, '1024^3 bytes ou 2^30 bytes'),
(410, 103, '1024^3 bytes ou 16^8 bytes'),
(411, 103, '1000^4 bytes ou 10^12 bytes'),
(412, 103, '1024^4 bytes ou 2^40 bytes'),
(413, 104, 'Um bit representa um sinal elétrico de exatos 5 V que é interpretado pelos componentes de hardware do computador'),
(414, 104, 'O BIOS é um software armazenado em um chip de memória RAM fixado na placa mãe. Tem a função de armazenar o Sistema Operacional'),
(415, 104, 'Todas as alternativas estão corretas'),
(416, 104, 'Barramentos são circuitos integrados que fazem a transmissão física de dados de um dispositivo a outro'),
(417, 105, 'Memória RAM'),
(418, 105, 'Disco rígido'),
(419, 105, 'Memória USB'),
(420, 105, 'Memória ROM'),
(421, 106, 'A memória principal'),
(422, 106, 'O barramento PCI'),
(423, 106, 'o barramento USB'),
(424, 106, 'A memória cache'),
(425, 107, 'Processador'),
(426, 107, 'Memória RAM'),
(427, 107, 'Gravador de DVD'),
(428, 107, 'Chipset'),
(429, 108, 'Setup'),
(430, 108, 'Eprom'),
(431, 108, 'Link'),
(432, 108, 'Drive'),
(433, 109, 'Placa de vídeo'),
(434, 109, 'Placa mãe'),
(435, 109, 'Processador'),
(436, 109, 'Memória RAM'),
(437, 110, 'do disco rígido'),
(438, 110, 'da porta USB'),
(439, 110, 'da saída paralela'),
(440, 110, 'da placa-mãe'),
(441, 111, 'Desfragmentador'),
(442, 111, 'Placa de rede'),
(443, 111, 'Processador'),
(444, 111, 'Nobreak'),
(445, 112, 'De video'),
(446, 112, 'USB'),
(447, 112, 'Serial'),
(448, 112, 'Mãe'),
(449, 113, 'VGA'),
(450, 113, 'S-Vídeo'),
(451, 113, 'Vídeo composto'),
(452, 113, 'DVI'),
(453, 114, 'Secundária'),
(454, 114, 'Virtual'),
(455, 114, 'De massa'),
(456, 114, 'Volátil'),
(457, 115, 'Na memória cache'),
(458, 115, 'No drive de CD-ROM'),
(459, 115, 'na memória RAM'),
(460, 115, 'No Winchester (HD)'),
(461, 116, 'O antivírus, a CPU e a leitora de CD'),
(462, 116, 'O disco rígido, o sistema operacional e o pen drive'),
(463, 116, 'O disquete, a leitora de DVD e programa de backup'),
(464, 116, 'A CPU, o barramento de memória e o modem'),
(465, 117, 'PPM'),
(466, 117, 'LPM'),
(467, 117, 'CPU'),
(468, 117, 'DPI'),
(469, 118, 'Barramento de endereços'),
(470, 118, 'Firewal'),
(471, 118, 'Cluster'),
(472, 118, 'Barramento de dados'),
(473, 119, '1024'),
(474, 119, '1474'),
(475, 119, '2048'),
(476, 119, '1440'),
(477, 120, 'A placa de rede'),
(478, 120, 'O processador'),
(479, 120, 'A memória ROM'),
(480, 120, 'A impressora'),
(481, 121, 'Clocks'),
(482, 121, 'Slots'),
(483, 121, 'Boots'),
(484, 121, 'Bios'),
(485, 122, 'Uma memória de massa'),
(486, 122, 'Um slot de memória regravável'),
(487, 122, 'Um chip de memória de acesso randômico'),
(488, 122, 'Um sistema de controle de rotinas de entrada e saída'),
(489, 123, '67.108.894'),
(490, 123, '65.536.000'),
(491, 123, '65.536'),
(492, 123, '67.108.864'),
(493, 124, 'O disquete'),
(494, 124, 'O zip drive'),
(495, 124, 'O DVD-ROM'),
(496, 124, 'A fita Magnética'),
(497, 125, 'Velocidade de acesso à memória RAM'),
(498, 125, 'velocidade de acesso ao disco rígido'),
(499, 125, 'Todas as alternativas estão corretas'),
(500, 125, 'Velocidade final de processamento'),
(501, 126, 'Print'),
(502, 126, 'Scanf'),
(503, 126, 'Escreve'),
(504, 126, 'Printf'),
(505, 127, 'system()'),
(506, 127, 'system(pause)'),
(507, 127, 'pause(system);'),
(508, 127, 'system(“pause”);'),
(509, 128, 'x=2.50 e y=2.00'),
(510, 128, 'x=2.50 e y=2.50'),
(511, 128, 'x=2.00 e y=2.00'),
(512, 128, 'x=2.00 e y=2.50'),
(513, 129, 'Whille'),
(514, 129, 'For'),
(515, 129, 'Enquanto'),
(516, 129, 'While'),
(517, 130, 'for(i=0;i>=x;i++)printf(“ %p “,i);'),
(518, 130, 'for(i=0;i++)printf(“ %d “,i);'),
(519, 130, 'for i printf(“ %d “,i);'),
(520, 130, 'for(i=0;i<=x;i++)printf(“ %d “,i);'),
(521, 131, 'A quantidade de memória disponível'),
(522, 131, 'O número de bits de um endereço'),
(523, 131, 'Todas as alternativas estão correstas'),
(524, 131, 'O conjunto de todas as possíveis endereços das células memória'),
(525, 132, 'É sempre preferível para o segundo assumir valor n'),
(526, 132, 'É sempre preferível para o primeiro assumir valor n'),
(527, 132, 'Nem um assume valor n'),
(528, 132, 'Depende de qual pode assumir valores n'),
(529, 133, 'Ordenar os dados e, em seguida, executar a busca linear (com variavel \"encontrável\")'),
(530, 133, 'Classificar os dados e, em seguida, executar o algoritmo de busca binária'),
(531, 133, 'Todas as alternativas estão correstas'),
(532, 133, 'A busca linear'),
(533, 134, '6'),
(534, 134, '4'),
(535, 134, '0'),
(536, 134, '5'),
(537, 135, 'Uma parte do compilador'),
(538, 135, 'A unidade de acesso linear'),
(539, 135, 'A unidade de acesso não linear'),
(540, 135, 'A unidade lógica e aritmética'),
(541, 136, 'Há um erro de lógica'),
(542, 136, 'Há um erro na execução'),
(543, 136, 'Há um erro na compilação'),
(544, 136, 'Está correto'),
(545, 137, '10, 7, 0'),
(546, 137, 'Há um erro na execução'),
(547, 137, 'Há um erro de lógica'),
(548, 137, 'O programa aguarda que o valor c'),
(549, 138, 'Não pode terminar'),
(550, 138, 'Você pode nunca ser executado'),
(551, 138, 'Todas as alternativas estão erradas'),
(552, 138, 'Sempre termina'),
(553, 139, 'Termina para i = 11'),
(554, 139, 'Para as extremidades = 10'),
(555, 139, 'Todas as alternativas estão erradas'),
(556, 139, 'Não termina'),
(557, 140, 'O loop termina'),
(558, 140, 'n=0'),
(559, 140, 'Todas as alternativas estão erradas'),
(560, 140, 'A impressora não imprime'),
(561, 141, 'Há um erro de lógica'),
(562, 141, 'Esta correto'),
(563, 141, 'Há um erro na execução'),
(564, 141, 'Há um erro na compilação'),
(565, 142, 'b=0 c=0 i=3'),
(566, 142, 'b=0 c=1 i=2'),
(567, 142, 'b=1 c=3 i=0'),
(568, 142, 'b=0 c=1 i=3'),
(569, 143, '-5.81'),
(570, 143, '-5.8'),
(571, 143, '-6'),
(572, 143, '-5'),
(573, 144, 'Distribuídos de maneira uniforme'),
(574, 144, 'Depende se eles flutuam ou duplo'),
(575, 144, 'Todas as alternativas estão correstas'),
(576, 144, 'Mais espessa em direcção ao mínimo real e mais fino em direcção ao maximo'),
(577, 145, 'Scanf'),
(578, 145, 'Printf'),
(579, 145, 'Strlen'),
(580, 145, 'Gets'),
(581, 146, '%s e %p'),
(582, 146, '%e e %c'),
(583, 146, '%c e %z'),
(584, 146, '%c e %s'),
(585, 147, '%c e %s'),
(586, 147, '%f e %d'),
(587, 147, '%p e %e'),
(588, 147, '%f e %e'),
(589, 148, '%q'),
(590, 148, '%d'),
(591, 148, '%s'),
(592, 148, '%p'),
(593, 149, 'Para um único caractere'),
(594, 149, 'Para um ponteiro'),
(595, 149, 'Todas as alternativas estão correstas'),
(596, 149, 'Para uma string'),
(597, 150, '%p'),
(598, 150, '%c'),
(599, 150, '%b'),
(600, 150, '%d'),
(601, 151, 'Alarm - Alarme'),
(602, 151, 'NewLine - Nova linha'),
(603, 151, 'Todas as alternativas estão erradas'),
(604, 151, 'Null - Nulo'),
(605, 152, 'x=3'),
(606, 152, 'x=1'),
(607, 152, 'x=9'),
(608, 152, 'x=10'),
(609, 153, 'int teste [0,1,2,3];'),
(610, 153, 'int teste 4;'),
(611, 153, 'teste int[4];'),
(612, 153, 'int teste [4];'),
(613, 154, '3'),
(614, 154, '1'),
(615, 154, '0'),
(616, 154, '2'),
(617, 155, 'Matriz unidimensional de tamanho 3'),
(618, 155, 'Matriz unidimensional de tamanho 9'),
(619, 155, 'Matriz tridimensional quadrada de tamanho 6'),
(620, 155, 'Matriz bidimensional quadrada de ordem 3'),
(621, 156, '4'),
(622, 156, '8'),
(623, 156, '3'),
(624, 156, '2'),
(625, 157, 'A soma de todos os elementos da matriz'),
(626, 157, 'A soma dos elementos pares da matriz'),
(627, 157, 'A soma dos elementos ímpares da matriz'),
(628, 157, 'A soma dos elementos da diagonal principal'),
(629, 158, 'Retornar o tamanho (quantidade de letras) de uma string'),
(630, 158, 'Concatenar (unir / juntar) duas strings'),
(631, 158, 'Copiar o conteúdo de uma string em outra'),
(632, 158, 'Comparar se o conteúdo de uma string é igual ao conteúdo de outra string'),
(633, 159, 'strlen (str1);'),
(634, 159, 'strcmp (str1,\"String1\");'),
(635, 159, 'strcat (str1,\"String1\");'),
(636, 159, 'strcpy (str1,\"String1\");'),
(637, 160, '11'),
(638, 160, '7'),
(639, 160, '5'),
(640, 160, '10'),
(641, 161, 'ao se executar *pti=20; i passara a ter o valor de 20'),
(642, 161, '*pti é igual a 10'),
(643, 161, 'pti armazena endereço de i'),
(644, 161, 'pti é igual a 10'),
(645, 162, '7  7FFA  15  7FFA  5'),
(646, 162, '5   7   3  7FFA'),
(647, 162, '7FFA  15  7FFA  7FFA  7FFA'),
(648, 162, '7FFA   7   15   5   7FFA'),
(649, 163, '4'),
(650, 163, '0'),
(651, 163, '6'),
(652, 163, '5'),
(653, 164, 'Liberar um espaço de memória, anteriormente alocado'),
(654, 164, 'Devolver o valor contido no endereço de memória fornecido entre os parênteses'),
(655, 164, 'Alocar um novo espaço na memória'),
(656, 164, 'Retornar o tamanho, em bytes, do seu operando (tipo de dado fornecido entre os parênteses)'),
(657, 165, 'A função malloc é utilizada na alocação dinâmica. Ela aloca uma quantidade indefinida e não retorna nada'),
(658, 165, 'A função malloc não é utilizada na alocação dinâmica'),
(659, 165, 'Todas as alternativas estão erradas'),
(660, 165, 'A função malloc é utilizada na alocação dinâmica. Ela aloca uma quantidade definida e retorna um ponteiro do tipo void (genérico)'),
(661, 166, 'Programas que executam somente cálculos'),
(662, 166, 'Bibliotecas pré-definidas na linguagem C'),
(663, 166, 'Rotinas que devem ser definidas no programa principal (main)'),
(664, 166, 'Partes menores de um programa'),
(665, 167, 'O procedimento retorna valor e a função não tem retorno de valor'),
(666, 167, 'O procedimento é um bloco de código e a função é formada por uma estrutura de repetição'),
(667, 167, 'O procedimento executa tarefas e a função não executa'),
(668, 167, 'O procedimento não retorna valor e a função tem retorno de valor'),
(669, 168, 'Passagem de parâmetro por referência'),
(670, 168, 'Passagem de parâmetro por variável local'),
(671, 168, 'Passagem de parâmetro por variável global'),
(672, 168, 'Passagem de parâmetro por valor'),
(673, 169, 'Passagem por valor'),
(674, 169, 'Função que não retorna valor'),
(675, 169, 'Função que retorna valor'),
(676, 169, 'Passagem por referência'),
(677, 170, 'ter que selecionar sempre o menor elemento do vetor a cada iteração'),
(678, 170, 'o vetor ter um tamanho indeterminado'),
(679, 170, 'o algoritmo iniciar a ordenação a partir da 2ª posição do vetor'),
(680, 170, 'haver comparações quando não há necessidade'),
(681, 171, 'o algoritmo nem prossegue, pois não há necessidade de realizar trocas para ordenar o vetor'),
(682, 171, 'o algoritmo faz até as trocas de elementos que já estão ordenados'),
(683, 171, 'o algoritmo prossegue até a metade do vetor'),
(684, 171, 'o algoritmo prossegue  normalmente, mesmo não havendo necessidade de fazer trocas'),
(685, 172, 'o vetor tenha sempre tamanho par'),
(686, 172, 'o vetor tenha somente números pares'),
(687, 172, 'o vetor tenha somente números ímpares'),
(688, 172, 'o vetor esteja ordenado em ordem crescente'),
(689, 173, 'O arquivo \"texto.txt\" é apagado e é criado um novo arquivo com o mesmo nome'),
(690, 173, 'O arquivo \"texto.txt\" é aberto somente para leitura, se ele existir'),
(691, 173, 'Todas as alternativas estão correstas'),
(692, 173, 'O conteúdo do arquivo \"texto.txt\" não é apagado e os novos dados são acrescentados no final do arquivo, se ele existir'),
(693, 174, 'O arquivo em modo texto é composto por uma sequência de números inteiros e em modo binário é composto por uma sequência de bytes'),
(694, 174, 'O arquivo em modo texto é composto por uma sequência de bits e em modo binário é composto por uma sequência de números'),
(695, 174, 'Todas as alternativas estão correstas'),
(696, 174, 'O arquivo em modo texto é composto por uma sequência de caracteres e em modo binário é composto por uma sequência de bytes'),
(697, 175, '10'),
(698, 175, '15'),
(699, 175, '20'),
(700, 175, '5'),
(701, 176, 'PHP'),
(702, 176, 'Powerpoint'),
(703, 176, 'periférico'),
(704, 176, 'Peer-to-Peer'),
(705, 177, 'Modem'),
(706, 177, 'Placa de rede'),
(707, 177, 'Cabo de fibra óptica'),
(708, 177, 'Roteador'),
(709, 178, 'WAN'),
(710, 178, 'LAN'),
(711, 178, 'PAN'),
(712, 178, 'MAN'),
(713, 179, 'Data-Panels'),
(714, 179, 'File-Panel'),
(715, 179, 'File-System'),
(716, 179, 'Data-Centers'),
(717, 180, 'TCP'),
(718, 180, 'PCI'),
(719, 180, 'IP'),
(720, 180, 'UDP'),
(721, 181, 'Sample MAN Transfer Protocol'),
(722, 181, 'Simple Mailer Time Protocol'),
(723, 181, 'Sample Mail Time Protocol'),
(724, 181, 'Simple Mail Transfer Protocol'),
(725, 182, '80 m'),
(726, 182, '100 m'),
(727, 182, '150 m'),
(728, 182, '90 m'),
(729, 183, 'CAT 2'),
(730, 183, 'CAT 3'),
(731, 183, 'CAT 4'),
(732, 183, 'CAT 5e'),
(733, 184, '100 MHz'),
(734, 184, '125 MHz'),
(735, 184, '300 MHz'),
(736, 184, '250 MHz'),
(737, 185, '4'),
(738, 185, '8'),
(739, 185, '1'),
(740, 185, '2'),
(741, 186, 'Patch Cable'),
(742, 186, 'CrossOver'),
(743, 186, 'Bidirecional'),
(744, 186, 'Adapter Cable'),
(745, 187, 'Horizontal'),
(746, 187, 'Linear'),
(747, 187, 'Paralelo'),
(748, 187, 'Vertical'),
(749, 188, 'Cat 5'),
(750, 188, 'Cat 5e'),
(751, 188, 'Cat 6'),
(752, 188, 'Cat 4'),
(753, 189, '2'),
(754, 189, '8'),
(755, 189, '1'),
(756, 189, '4'),
(757, 190, 'Sala de Equipamentos'),
(758, 190, 'Cabeamento Horizontal'),
(759, 190, 'Área de Trabalho'),
(760, 190, 'Todos fazem parte'),
(761, 191, 'MAN'),
(762, 191, 'LAN'),
(763, 191, 'PAN'),
(764, 191, 'WAN'),
(765, 192, 'MANs'),
(766, 192, 'WANs'),
(767, 192, 'ATMs'),
(768, 192, 'LANs'),
(769, 193, 'Anel'),
(770, 193, 'Teia'),
(771, 193, 'Barra'),
(772, 193, 'Estrela'),
(773, 194, 'RJ15 e BNC'),
(774, 194, 'RJ45 e BMC'),
(775, 194, 'RJ45 e DMC'),
(776, 194, 'RJ45 e BNC'),
(777, 195, 'Fibra ótica e Coaxial'),
(778, 195, 'Fibra ótica e RJ45'),
(779, 195, 'Par trançado e Coaxial'),
(780, 195, 'Par trançado e Fibra ótica'),
(781, 196, 'Conector BNC, Cabo coaxial terminais resistivos, placa de rede com conector BNC.'),
(782, 196, 'Hub, Conector BNC e placa de rede com conector RJ45.'),
(783, 196, 'Nda.'),
(784, 196, 'Hub ou Swith, Conector RJ45, cabo UTP e placa de rede com conector RJ45.'),
(785, 197, 'BL-L-BV-A-BV-L-BM-M'),
(786, 197, 'BV-V-BA-L-BL-A-BM-M'),
(787, 197, 'BL-L-BA-V-BV-A-BM-M'),
(788, 197, 'BV-V-BL-A-BA-L-BM-M'),
(789, 198, '200 m'),
(790, 198, '185 m'),
(791, 198, '100 m'),
(792, 198, '500 m'),
(793, 199, '12 camadas'),
(794, 199, '5 camadas'),
(795, 199, '6 camadas'),
(796, 199, '7 camadas'),
(797, 200, 'Conjunto de periféricos integrados.'),
(798, 200, 'União de equipamentos com a única finalidade de compartilhar internet.'),
(799, 200, 'Vários computadores que fazem parte dos setores de uma organização.'),
(800, 200, 'Conjunto de computadores interligados entre si, compartilhando recursos.'),
(801, 201, 'MAN, NAN, LAN'),
(802, 201, 'LAN, NAN, WAN'),
(803, 201, 'LAN, MAN, TAN'),
(804, 201, 'LAN, MAN, WAN'),
(805, 202, 'Barra, Anular, Estrela e Token'),
(806, 202, 'Anel, híbrida, Estelar e Camada'),
(807, 202, 'Segmento, Híbrida, Estrela e Token'),
(808, 202, 'Barramento, Anel, Estrela, Híbrida'),
(809, 203, 'Transmissão aleatória na rede.'),
(810, 203, 'Modo de transferência de arquivos mais rápido.'),
(811, 203, 'Modo de transferência de arquivos lento.'),
(812, 203, 'Transmissão simultânea para todos os hosts na rede.'),
(813, 204, 'Switch'),
(814, 204, 'Access Point'),
(815, 204, 'Patch Panel'),
(816, 204, 'Roteador'),
(817, 205, 'Cabo par trançado'),
(818, 205, 'Cabo de fibra óptica'),
(819, 205, 'Cabo usb'),
(820, 205, 'Cabo coaxial'),
(821, 206, 'Nodal e Modal'),
(822, 206, 'Monofibra e Multifibra'),
(823, 206, 'Fina e grossa'),
(824, 206, 'Monomodo e Multimodo'),
(825, 207, 'Apresentação'),
(826, 207, 'Sessão'),
(827, 207, 'Física'),
(828, 207, 'Enlace'),
(829, 208, 'IP E TCP'),
(830, 208, 'HTTP E SMTP'),
(831, 208, 'UDP E POP'),
(832, 208, 'TCP E UDP'),
(833, 209, 'Enquadramento e Empacotamento'),
(834, 209, 'Segmentação e empacotamento'),
(835, 209, 'Roteamento e enquadramento'),
(836, 209, 'Encaminhamento e roteamento'),
(837, 210, 'Sessão, apresentação, física, enlace, rede, transporte e aplicação.'),
(838, 210, 'Apresentação, aplicação, sessão, rede, transporte, enlace e física.'),
(839, 210, 'Aplicação, apresentação, sessão, transporte, rede, enlace e física.'),
(840, 210, 'Física, Enlace, Rede, Transporte, Sessão, Apresentação e Aplicação.'),
(841, 211, 'Pacote'),
(842, 211, 'Bit'),
(843, 211, 'Quadro'),
(844, 211, 'Segmento'),
(845, 212, 'Segmento'),
(846, 212, 'Pacote'),
(847, 212, 'Quadro'),
(848, 212, 'Dado'),
(849, 213, '3 camadas'),
(850, 213, '7 camadas'),
(851, 213, '2 camadas'),
(852, 213, '4 camadas'),
(853, 214, 'A transmissão se dá em um único sentido.'),
(854, 214, 'A transmissão se dá nos dois sentidos de forma simultânea.'),
(855, 214, 'A transmissão pode ser configurada de acordo com o usuário.'),
(856, 214, 'A transmissão se dá nos dois sentidos de forma alternada.'),
(857, 215, 'Enlace'),
(858, 215, 'Transporte'),
(859, 215, 'Física'),
(860, 215, 'Rede'),
(861, 216, '02 bytes'),
(862, 216, '01 byte'),
(863, 216, '04 bytes'),
(864, 216, '03 bytes'),
(865, 217, 'HTTP'),
(866, 217, 'FTP'),
(867, 217, 'DNS'),
(868, 217, 'DHCP'),
(869, 218, 'UDP e FTP'),
(870, 218, 'STP e UDP'),
(871, 218, 'UTP e FTP'),
(872, 218, 'STP e UTP'),
(873, 219, 'RJ-30'),
(874, 219, 'RJ-11'),
(875, 219, 'RJ-50'),
(876, 219, 'RJ-45'),
(877, 220, 'Coaxial grosso'),
(878, 220, 'Par trançado'),
(879, 220, 'Fibra óptica'),
(880, 220, 'Coaxial fino'),
(881, 221, '100 ohms'),
(882, 221, '200 ohms'),
(883, 221, '250 ohms'),
(884, 221, '150 ohms'),
(885, 222, 'Conector BNC'),
(886, 222, 'Terminador resistivo'),
(887, 222, 'Conector BNC T'),
(888, 222, 'Cabo coaxial grosso'),
(889, 223, 'Hub'),
(890, 223, 'Switch'),
(891, 223, 'Roteador'),
(892, 223, 'Transceptor'),
(893, 224, '150 m'),
(894, 224, '185 m'),
(895, 224, '200 m'),
(896, 224, '100 m'),
(897, 225, 'classe A'),
(898, 225, 'classe C'),
(899, 225, 'classe D'),
(900, 225, 'classe B'),
(901, 226, 'Confidencialidade, Informação, Disponibilidade, Autenticidade, Legalidade'),
(902, 226, 'Confidencialidade, Integridade, Disponibilidade, Autônimo, Legalidade'),
(903, 226, 'Todas as alternativas estão erradas'),
(904, 226, 'Confidencialidade, Integridade, Disponibilidade, Autenticidade, Legalidade'),
(905, 227, 'Não, porque os usuários não acham tão necessarias essa medidas'),
(906, 227, 'Sim, porque os usuarios gostam de serem vigiados'),
(907, 227, 'Todas as alternativas estão erradas'),
(908, 227, 'Não, porque os controles de segurança transmitemuma sensação de vigilância'),
(909, 228, 'Download'),
(910, 228, 'streaming'),
(911, 228, 'mailing lists'),
(912, 228, 'Criptografia'),
(913, 229, 'Processador de dados'),
(914, 229, 'Navegador de internet'),
(915, 229, 'Arquivo de dados'),
(916, 229, 'Sistema operacional'),
(917, 230, 'A assinatura digital garante a confidencialidade do documento ao qual ela esteja associada'),
(918, 230, 'Independentemente de outros fatores, as empresas devem sempre optar pelo nível mais alto de segurança da informação'),
(919, 230, 'Todas as alternativas estão corretas'),
(920, 230, 'Controles físicos são barreiras que limitam o contato ou acesso direto à informação ou à infraestrutura que a suporta'),
(921, 231, 'Firewalls protegem computadores ou redes de computadores contra ataques via Internet. Os firewalls são implementados exclusivamente por meio de software'),
(922, 231, 'O uso de aplicativos de segurança, em conjunto com procedimentos relacionados a tais aplicativos, garante totalmente a segurança da informação de organizações'),
(923, 231, 'Todas as alternativas estão corretas'),
(924, 231, 'Ainda que um computador esteja desconectado de qualquer rede de computadores, ele está sujeito ao ataque de vírus'),
(925, 232, 'Controle de acesso'),
(926, 232, 'Rotina de backup'),
(927, 232, 'Política de informação'),
(928, 232, 'Plano de segurança'),
(929, 233, 'Chave privada do servidor'),
(930, 233, 'Sua chave pública'),
(931, 233, 'Seu certificado digital'),
(932, 233, 'Chave pública do servidor'),
(933, 234, 'Proxy'),
(934, 234, 'VPN'),
(935, 234, 'DMZ'),
(936, 234, 'SDI'),
(937, 235, 'Apenas a grupos que possuem direitos administrativos no domínio'),
(938, 235, 'Apenas a usuários que possuem direitos administrativos no domínio'),
(939, 235, 'Todas as alternativas estão corretas'),
(940, 235, 'A usuários ou grupos que possuem ou não direitos administrativos no domínio'),
(941, 236, 'O controle de acesso com o uso de senha garante a segurança e a integridade dos dados de um sistema'),
(942, 236, 'Realizar becape periodicamente garante a confidencialidade dos dados'),
(943, 236, 'A instalação de um antivírus garante a total proteção de arquivos contra vírus de computador'),
(944, 236, 'A disponibilidade das informações é uma das principais preocupações entre os procedimentos de segurança da informação'),
(945, 237, 'Disponibilidade'),
(946, 237, 'Autenticação'),
(947, 237, 'Confidencialidade'),
(948, 237, 'Integridade'),
(949, 238, 'Integridade'),
(950, 238, 'Autenticidade'),
(951, 238, 'Disponibilidade'),
(952, 238, 'Aplicabilidade'),
(953, 239, 'SHA-2'),
(954, 239, 'MD2'),
(955, 239, 'MD5'),
(956, 239, 'SHA-1'),
(957, 240, 'Rootkit'),
(958, 240, 'Worm'),
(959, 240, 'Keylogger'),
(960, 240, 'Hijacker'),
(961, 241, 'Eficiência'),
(962, 241, 'Presteza'),
(963, 241, 'Economicidade'),
(964, 241, 'Confidencialidade'),
(965, 242, 'Uploader'),
(966, 242, 'Browser'),
(967, 242, 'Cracker'),
(968, 242, 'Spyware'),
(969, 243, 'Bulldog'),
(970, 243, 'Firewall'),
(971, 243, 'Spammer'),
(972, 243, 'Keylogger'),
(973, 244, 'O princípio da confidencialidade diz respeito à garantia de que um sistema estará sempre disponível quando necessário'),
(974, 244, 'O princípio da privacidade diz respeito à garantia de que um agente não consiga negar falsamente um ato ou documento de sua autoria'),
(975, 244, 'Todas as alternativas estão corretas'),
(976, 244, 'O princípio da integridade diz respeito à garantia de que uma informação não seja alterada durante o seu trajeto do emissor para o receptor ou durante o seu armazenamento'),
(977, 245, 'As senhas secretas devem conter informações fáceis de memorizar, como nomes e datas de nascimento'),
(978, 245, 'As senhas secretas devem ser anotadas em papel para a rápida recuperação em caso de esquecimento'),
(979, 245, 'Todas as alternativas estão erradas'),
(980, 245, 'Os links ou anexos recebidos de endereços de e-mails desconhecidos não devem ser abertos'),
(981, 246, 'Armazenamento'),
(982, 246, 'Restauração'),
(983, 246, 'Disposição'),
(984, 246, 'Backup'),
(985, 247, 'Ping of death'),
(986, 247, 'Rootkits'),
(987, 247, 'Worms'),
(988, 247, 'Golpe de phishing'),
(989, 248, 'Sistema biométrico'),
(990, 248, 'Anti-spyware'),
(991, 248, 'Antivírus'),
(992, 248, 'Certificação digital'),
(993, 249, 'Senhas podem ser usadas como forma de identificar os usuÃ?Â¡rios e, assim, de garantir o sigilo das informaÃ?Â§Ã?Âµes'),
(994, 249, 'Computadores que não estejam conectados a redes estão isentos do risco de contaminação por vírus'),
(995, 249, 'Todas as alternativas estão erradas'),
(996, 249, 'A criptografia pode ser usada como forma de garantir a segurança da informação durante o trânsito dessa informação por redes de computadores'),
(997, 250, 'Bot'),
(998, 250, 'Vírus de macro'),
(999, 250, 'spyware'),
(1000, 250, 'Scam');

-- --------------------------------------------------------

--
-- Estrutura da tabela `pergunta`
--

CREATE TABLE `pergunta` (
  `id` mediumint(9) NOT NULL,
  `categoria_id` mediumint(9) NOT NULL DEFAULT '1',
  `descricao` varchar(500) NOT NULL,
  `correta` varchar(191) NOT NULL
) ENGINE=InnoDB DEFAULT CHARSET=utf8mb4;

--
-- Extraindo dados da tabela `pergunta`
--

INSERT INTO `pergunta` (`id`, `categoria_id`, `descricao`, `correta`) VALUES
(1, 1, 'MySQL roda em que sistemas operacionais?', '2'),
(2, 1, 'Para remover registros duplicados de um result set de um SELECT use a palavra-chave abaixo:', '8'),
(3, 1, 'Qual das respostas abaixo podem adicionar uma linha na tabela?', '12'),
(4, 1, 'Para usar MySQL no seu computador você precisará?', '16'),
(5, 1, 'Qual declaração SQL é usada para inserir um novo dado no banco de dados?', '20'),
(6, 1, 'Em uma cláusula LIKE você poderia pedir por qualquer valor terminado em \"qpt\" escrevendo:', '24'),
(7, 1, 'MySQL é:', '28'),
(8, 1, 'Em uma cláusula LIKE você pode solicitar por qualquer valor de 6 digitos digitando?', '32'),
(9, 1, 'Qual função é usada para pegar o tempo corrente no MySQL?', '36'),
(10, 1, 'Qual valor abaixo não é uma função de agregação?', '40'),
(11, 1, 'Qual valor abaixo é usado para remover um banco de dados MySQL?', '44'),
(12, 1, 'Quantos caracteres são permitidos no nome de um banco de dados?', '48'),
(13, 1, 'Qual comando abaixo deveria ser usado para criar um banco de dados chamado “student”?', '52'),
(14, 1, 'Qual comando irá deletar a estrutura da tabela e seus dados?', '56'),
(15, 1, 'O que faz o comando USE?', '60'),
(16, 1, 'O principal programa MySQL que faz todo o tratamento dos dados é chamadomysqld ', '64'),
(17, 1, 'Um comando SELECT sem uma cláusula WHERE retorna?', '68'),
(18, 1, 'O acesso de segurança do MySQL é controlado através de?', '72'),
(19, 1, 'Em um SELECT com uma cláusula GROUP BY, a cláusula WHERE e uma cláusula HAVING, as condições WHERE são aplicados antes que as condições HAVING.', '76'),
(20, 1, 'O que significa SQL?', '80'),
(21, 1, 'Qual instrução SQL é usada para extrair dados de um banco de dados?', '84'),
(22, 1, 'Qual instrução SQL é usada para atualizar dados em um banco de dados?', '88'),
(23, 1, 'Qual instrução SQL é usada para excluir dados de um banco de dados?', '92'),
(24, 1, 'Qual instrução SQL é usada para inserir novos dados em um banco de dados?', '96'),
(25, 1, 'Com o SQL, como você seleciona uma coluna chamada \"nome\" de uma tabela chamada \"pessoa\"?', '100'),
(26, 1, 'Com o SQL, como você seleciona todas as colunas de uma tabela chamada \"Pessoa\"?', '104'),
(27, 1, 'Com o SQL, como você seleciona todos os registros de uma tabela chamada \"Pessoa\" onde o valor da coluna \"nome\" é \"Peter\"?', '108'),
(28, 1, 'Com o SQL, como você seleciona todos os registros de uma tabela chamada \"Pessoa\" onde o valor da coluna \"nome\" começa com um \"a\"?', '112'),
(29, 1, 'Com o SQL, como você seleciona todos os registros de uma tabela chamada \"Pessoa\" onde o \"nome\" é \"Peter\" eo \"sobrenome\" é \"Jackson\"?', '116'),
(30, 1, 'Com o SQL, como você seleciona todos os registros de uma tabela chamada \"Pessoa\" onde o \"Sobrenome\" é alfabeticamente entre \"Hansen\" e \"Pettersen\"?', '120'),
(31, 1, 'Que instrução SQL é usada para retornar somente valores diferentes?', '124'),
(32, 1, 'Qual palavra-chave SQL é usada para classificar o conjunto de resultados?', '128'),
(33, 1, 'Com SQL, como você pode retornar todos os registros de uma tabela chamada \"Pessoa\" ordenada decrescente por \"nome\"?', '132'),
(34, 1, 'Com o SQL, como você pode inserir um novo registro na tabela \"Pessoa\"?', '136'),
(35, 1, 'Com o SQL, como você pode inserir \"Olsen\" como o \"Sobrenome\" na tabela \"Pessoa\"?', '140'),
(36, 1, 'Com o SQL, como você pode apagar os registros onde o \"nome\" é \"Peter\" na Tabela de Pessoa?', '144'),
(37, 1, 'Com o SQL, como você pode retornar o número de registros na tabela \"Pessoa\"?', '148'),
(38, 1, 'Qual é o tipo mais comum de associação?', '152'),
(39, 1, 'Qual operador é usado para selecionar valores dentro de um intervalo?', '156'),
(40, 1, 'Qual operador é usado para procurar um padrão especificado em uma coluna?', '160'),
(41, 1, 'Qual instrução SQL é usada para criar uma tabela em um banco de dados?', '164'),
(42, 1, 'Comando que encerra a transação SALVANDO permanentemente todas as alterações realizadas durante a transação.', '168'),
(43, 1, 'Comando que encerra a transação DESCARTANDO todas as alterações realizadas durante a transação.', '172'),
(44, 1, 'Quais as funções dos comandos de DML?', '176'),
(45, 1, 'Qual o comando para se alterar definições da tabela?', '180'),
(46, 1, 'Qual comando em um SELECT que define um critério em buscas?', '184'),
(47, 1, 'Qual o comando que soma dados de uma coluna?', '188'),
(48, 1, 'Qual o comando select que traz o maior registro de um campo em uma tabela?', '192'),
(49, 1, 'Qual comando em um select que define quais tabelas irei utilizar na consulta?', '196'),
(50, 1, 'Qual o comando SQL que realiza um agrupamento de dados?', '200'),
(51, 2, 'O que o HTML representa?', '204'),
(52, 2, 'Quem está fazendo os padrões da Web?', '208'),
(53, 2, 'Escolha o elemento HTML correto para o maior cabeçalho:', '212'),
(54, 2, 'Qual é o elemento HTML correto para inserir uma quebra de linha?', '216'),
(55, 2, 'Qual é o HTML correto para adicionar uma cor de fundo?', '220'),
(56, 2, 'Escolha o HTML correto para definir texto importante', '224'),
(57, 2, 'Escolha o elemento HTML correto para definir texto enfatizado', '228'),
(58, 2, 'Qual é o HTML correto para criar um hyperlink?', '232'),
(59, 2, 'Qual caractere é usado para fechar uma tag?', '236'),
(60, 2, 'Como você pode abrir um link em uma nova aba/janela?', '240'),
(61, 2, 'Quais destes são elementos de uma tabela?', '244'),
(62, 2, 'Como se faz uma lista ordenada?', '248'),
(63, 2, 'Como se faz uma lista não ordenada?', '252'),
(64, 2, 'Qual o HTML correto para se fazer uma checkbox?', '256'),
(65, 2, 'Qual o HTML correto para se fazer um campo de texto?', '260'),
(66, 2, 'Qual o HTML correto para se fazer uma lista suspensa?', '264'),
(67, 2, 'Qual o HTML correto para se fazer uma área de texto?', '268'),
(68, 2, 'Qual o HTML correto para inserir uma imagem?', '272'),
(69, 2, 'Qual o HTML correto para inserir uma imagem de fundo?', '276'),
(70, 2, 'O que o significa PHP?', '280'),
(71, 2, 'Como você escreve \"Olá Mundo\" em PHP ?', '284'),
(72, 2, 'Todas as variáveis PHP começam com qual caractere ?', '288'),
(73, 2, 'Qual é a maneira correta de terminar uma instrução PHP?', '292'),
(74, 2, 'Como você obter informações de um formulário que é enviado usando o método \"get\"?', '296'),
(75, 2, 'Qual é a maneira correta de criar uma função no PHP?', '300'),
(76, 2, 'Qual é a maneira correta de incluir o arquivo \"time.inc\"?', '304'),
(77, 2, 'Qual é a maneira correta de adicionar 1 à variável $cont?', '308'),
(78, 2, 'Como se cria uma Array em PHP?', '312'),
(79, 2, 'Qual operador é usado para verificar se dois valores são iguais e do mesmo tipo de dados?', '316'),
(80, 2, 'O que significa CSS?', '320'),
(81, 2, 'Que tag HTML é usada para definir um estilo interno?', '324'),
(82, 2, 'Qual atributo HTML é usado para definir estilos inline?', '328'),
(83, 2, 'Qual propriedade é usada para alterar a cor de fundo?', '332'),
(84, 2, 'Que propriedade CSS controla o tamanho da fonte?', '336'),
(85, 2, 'Como se exibe hyperlinks sem o sublinhado?', '340'),
(86, 2, 'Que propriedade é usada para mudar a fonte de um elemento?', '344'),
(87, 2, 'Como se seleciona um elemento com id \"teste\"?', '348'),
(88, 2, 'Como se seleciona elementos com classe \"teste\"?', '352'),
(89, 2, 'Como se seleciona todos os elementos p dentro de um elemento div?', '356'),
(90, 2, 'Dentro de qual elemento colocamos o JavaScript?', '360'),
(91, 2, 'Como se cria uma função em JavaScript?', '364'),
(92, 2, 'Como um laço FOR começa?', '368'),
(93, 2, 'Como se arredonda o número 7.25 para o inteiro mais próximo?', '372'),
(94, 2, 'Como se acha o número com maior valor entre x e y?', '376'),
(95, 2, 'Como se declara uma variável em JavaScript?', '380'),
(96, 2, 'Qual operador é usado para atribuir um valor a uma variável?', '384'),
(97, 2, 'O que este código retornará: Boolean(10>9)?', '388'),
(98, 2, 'Qual a sintaxe correta para inserir um script externo nomeado \"xxx.js\"?', '392'),
(99, 2, 'Como se escreve \"Olá Mundo!\" numa caixa de alerta?', '396'),
(100, 2, 'Como se usa uma função chamada testeFuncao?', '400'),
(101, 3, 'Para que o computador de uma residência possa se conectar à Internet, utilizando a rede telefônica fixa, é indispensável o uso de um hardware chamado:', '404'),
(102, 3, 'Durante a operação de um computador, caso ocorra interrupção do fornecimento de energia elétrica e o computador seja desligado, os dados em utilização que serão perdidos estão armazenados?', '408'),
(103, 3, 'Adquirir um disco magnético (HD) externo de 1 TB (terabyte) significa dizer que a capacidade nominal de armazenamento aumentará em?', '412'),
(104, 3, 'Sobre os computadores é correto afirmar:', '416'),
(105, 3, 'Um tipo de elemento do microcomputador que permite apenas a leitura pelo usuário comum e vem com seu conteúdo gravado durante a fabricação. Trata-se de:', '420'),
(106, 3, 'O elemento que ajuda a minimizar a diferença de desempenho entre o processador e demais componentes dos computadores atuais é:', '424'),
(107, 3, 'Na placa-mãe alguns componentes já vêm instalados e outros serão conectados na sua placa de circuito. Um exemplo típico de componente que já vem, nativamente, instalado na placa-mãe é:', '428'),
(108, 3, 'Um computador é constituído de um conjunto de periféricos. Para controlar cada um deles, o sistema operacional precisa de uma interface de software entre ele e o hardwareque é o:', '432'),
(109, 3, 'Em termos de componentes básicos do computador, é um elemento que, no final das contas, funciona como uma mesa de trabalho que a todo o momento tem seu conteúdo alterado e, até mesmo, descartado quando ela não está energizada:', '436'),
(110, 3, 'Processador, memória RAM e bateria são alguns dos principais componentes.', '440'),
(111, 3, 'Mantém o computador que não é provido de bateria funcionando mesmo com a ausência total e temporária de energia da rede elétrica. Trata-se de:', '444'),
(112, 3, 'A placa de circuito de um micro onde ficam localizados o processador e a memória RAM, principalmente, é a placa:', '448'),
(113, 3, 'A melhor qualidade na ligação de um microcomputador PC em um painel HDTV é aquela por meio de um conector.', '452'),
(114, 3, 'Uma característica da RAM de um microcomputador é ser uma memória:', '456'),
(115, 3, 'Depois de instalado, o sistema operacional Windows armazena seus arquivos/programas.', '460'),
(116, 3, 'Corresponde a hardware:', '464'),
(117, 3, 'A unidade de medida da resolução de uma impressora é dada em:', '468'),
(118, 3, 'As informações contidas nos periféricos de entrada de um computador são transferidas para serem manipuladas no processador por meio do:', '472'),
(119, 3, 'Um disquete de 1,44 MB tem uma capacidade de armazenamento nominal, em Kbytes, correspondente a:', '476'),
(120, 3, 'Um componente de hardware do microcomputador classificado como periférico é:', '480'),
(121, 3, 'Diversos modelos de barramento tais como ISA e PCI, por exemplo, são disponibilizados na placa mãe dos micro-computadores por meio de conectores chamados de:', '484'),
(122, 3, 'O BIOS de um microcomputador é basicamente.', '488'),
(123, 3, 'Se a memória de um microcomputador tem o tamanho de 64 MB (megabytes), então sua capacidade de armazenamento em bytes é:', '492'),
(124, 3, 'Dispositivo de acesso seqüencial é:', '496'),
(125, 3, 'A principal diferença entre dois processadores, um deles equipado com memória cache e o outro não, consiste na:', '500'),
(126, 4, 'Na linguagem de programação C, qual é a função escrever?', '504'),
(127, 4, 'Como fazer um programa parar quando está rodando?', '508'),
(128, 4, 'Qual desse código float x,y; x = 5 / 2; y = 5.0 / 2; printf(“\n x=%.2f e y=%.2f\n”,x,y);', '512'),
(129, 4, 'Na linguagem de programação C, qual é a função enquanto?', '516'),
(130, 4, 'Qual é a estrutura de um laço For?', '520'),
(131, 4, 'Qual é o espaço de endereço?', '524'),
(132, 4, 'Dado dois algoritmos com complexidade n * 100 e (N ^ 3) / 100', '528'),
(133, 4, 'Qual destes algoritmos é mais eficiente para pesquisa?', '532'),
(134, 4, 'Considere o seguinte trecho de código em C ++, ele tem um [i] = 7, i = 5 e val = 21; que valor tem a seguintea execução do fragmento de código?if (val <= a [i]) if (val == a [i]) i ++;outra i--;', '536'),
(135, 4, 'Qual é a ALU?', '540'),
(136, 4, 'Considere o seguinte trecho de código... int i;for (i = 0; i <10; i ++) { cout << i; } cout << \"i =\" << i << endl;', '544'),
(137, 4, 'Considere o seguinte fragmento de programa, diz que é impresso para a, b, c, se os dados introduzidos por teclado são 10:07 int main () { flutuar a, b, c; cin >> um >> b >> c; cout << \"a =\" << a << \"b =\" << << b \"c =\" << c; }', '548'),
(138, 4, 'Com referência à estrutura da iterativo em C ++, qual destas afirmações é falsa?', '552'),
(139, 4, 'Dizer se ele termina o seguinte loop for: for (i = 1; i <= 10; i = 1) cout << i << endl;', '556'),
(140, 4, 'Considere o seguinte trecho de código, o que impressão para n?... int n; n = 0; enquanto (n) cout << \"n =\" n << << endl;', '560'),
(141, 4, 'Considere o seguinte programa, você dizer se #include <iostream> using namespace std; int main () { float x = -2; val = Fabs (x); cout << val; return 0;}', '564'),
(142, 4, 'Considere o seguinte fragmento de programa em C ++; o que o programa de impressão para b, c, i?... int i, a, b, c; i = 1; b = i ++ / 2; A = 3; I / A = C ++; cout << \"b =\" << << b \"c =\" << c << \"i =\" << i;', '568'),
(143, 4, 'Considere o seguinte trecho de programa em C ++; o compilador relata um aviso na atribuição de educação. O que é impresso para h? int H; h = -5,81; cout << \"h =\" << h;', '572'),
(144, 4, 'Na representação do real para o computador os números reais são representados:', '576'),
(145, 4, 'Em programação C, o que utilizada para a leitura de uma string via teclado?', '580'),
(146, 4, 'Em programação C, quais símbolos ultilizado para Char?', '584'),
(147, 4, 'Em programação C, quais símbolos ultilizado para Double?', '588'),
(148, 4, 'Em programação C, quais símbolos ultilizado para Ponteiro?', '592'),
(149, 4, 'Em programação C, quando se usa  char com o símbolo %s?', '596'),
(150, 4, 'Em programação C, quais símbolos ultilizado para Int?', '600'),
(151, 4, 'Em programação C, o que significa o símbolo /0?', '604'),
(152, 4, 'Considere o seguinte código: int main(){ int x = -1; int v [5] = {2,3,9,10,1}; int i; for (i = 0; i < 5; i++){ if (v[i] > x){ x = v[i]; }  } printf(\"x: %d\n\", x); } Qual valor será exibido na console?', '608'),
(153, 4, 'Qual alternativa representa uma declaração de vetor válida em linguagem C?', '612'),
(154, 4, 'Observe o fragmento de código em linguagem C: int k=0, v[8], i, j; for (i=0; i<4; i++){ for (j=0; j<2; j++){ v[k] = i; k ++; }  } Qual o valor será armazenado no índice (posição) 4 do vetor?', '616'),
(155, 4, 'Observe a declaração em C: float M[3][3]. Qual a alternativa que pode ser associada à declaração em destaque?', '620'),
(156, 4, 'Sabendo que a declaração de uma matriz é da forma tipo_dados nome-matriz [linhas][colunas], na declaração int mat[ ][4] = {4, 7, 8, 1, 0, 2, 8, 4}; qual deve ser o número de linhas da matriz?', '624'),
(157, 4, 'O que o seguinte trecho de código faz? main(){ int i, j, mat[7][7], p=0; for (i=0;i<7;i++){ for (j=0;j<7;j++){ if (i==j){ p = p + mat[i][j]; }  }   }', '628'),
(158, 4, 'A função \"strcmp\", da biblioteca \"string.h\", pode ser utilizada para:', '632'),
(159, 4, 'Considerando o conceito de strings em C e a declaração da variável abaixo, qual a função mais adequada para inicializar uma variável deste tipo?', '636'),
(160, 4, 'Considerando o seguinte trecho de código, indique a opção que diz qual é o valor que será armazenado na variável tam após a execução do código:  char palavra1 [20], palavra2 [20], palavra3 [20]; strcpy (palavra1, \"Teste\"); strcpy (palavra2, \"Exercicio1\"); strcpy (palavra3, \"Strings\"); strcpy (palavr', '640'),
(161, 4, 'Seja a seguinte seqüência de instruções em C:  int *pti; int i=10; pti=&i;', '644'),
(162, 4, 'Qual será a saída deste programa? OBS: endereço de i = 7FFA... main() { int i, *p; i = 5; p=&i; printf(\"%p %d %d %d %p \n\", p, *p+2, 3**p, *p, &i); }', '648'),
(163, 4, 'Qual o valor de y no final do programa?  main() { int y, *p, x; y = 0; p = &y; x = *p; x = 5; *p = *p + 1; x­­--; *p = *p + x; printf (\"y = %d\n\", y); }', '652'),
(164, 4, 'Qual é a finalidade da função sizeof()?', '656'),
(165, 4, 'Com relação às definições de alocação dinâmica em C, qual das afirmações está correta?', '660'),
(166, 4, 'Dentro do contexto de programação estruturada, módulos (subprogramas) são definidos como:', '664'),
(167, 4, 'Na programação estruturada, existem dois tipos de módulos: procedimentos e funções. Basicamente, a diferença entre os dois é que:', '668'),
(168, 4, 'Como chamamos a passagem de parâmetro quando fazemos a chamada do procedimento \"Somar\" da seguinte maneira?Somar (A, B);', '672'),
(169, 4, 'A modificação dos valores dos parâmetros formais altera os valores dos parâmetros reais. A afirmação refere-se:', '676'),
(170, 4, 'A ineficiência do algoritmo de ordenação conhecido como \"Bubble Sort\" deve-se ao fato de:', '680'),
(171, 4, 'Se um vetor que estiver ordenado for submetido ao método de ordenação por troca (Bubble Sort), como será o comportamento do algoritmo?', '684'),
(172, 4, 'Na pesquisa binária o principal pré-requisito é que:', '688'),
(173, 4, 'O que acontecerá com o arquivo \"texto.txt\" quando ele é aberto como fopen (\"texto.txt\", \"a\")?', '692'),
(174, 4, 'A diferença entre o modo texto e o modo binário em arquivos é que:', '696'),
(175, 4, 'Dada a função recursiva abaixo, assinale a alternativa para a e b valendo 15 e 20, respectivamente: int exercicio (int a,int b){  if(b == 0) return a; else return exercicio (b,a%b); }', '700'),
(176, 5, 'O que é P2P?', '704'),
(177, 5, 'Quem é o hardware \"Guarda de Trânsito\" dessa lista?', '708'),
(178, 5, 'Qual desses tipos de conexões cobrem cidades?', '712'),
(179, 5, 'Que nome pode ser dado aos servidores?', '716'),
(180, 5, 'Qual desses protocolos é mais rápido porém menos confiável?', '720'),
(181, 5, 'O que significa SMTP?', '724'),
(182, 5, 'Qual é a distância máxima permitida para o cabeamento horizontal (link básico)?', '728'),
(183, 5, 'Qual das seguintes categorias de cabo de par trançado é homologada para funcionar em redes Gigabit Ethernet?', '732'),
(184, 5, 'Qual é a freqüência de operação máxima dos cabos CAT 6?', '736'),
(185, 5, 'Em um cabo de par trançado, quantos pares de fios são realmente usados em redes Fast Ethernet?', '740'),
(186, 5, 'Como é chamado o cabo usado na área de trabalho para interligar o equipamento do usuário à tomada na parede?', '744'),
(187, 5, 'Como é chamado, em um sistema de cabeamento estruturado, o segmento de cabo que interconecta os armários de telecomunicações?', '748'),
(188, 5, 'Qual das categorias de cabos de par trançado listadas abaixo NÃO pode ser usada em redes Fast Ethernet?', '752'),
(189, 5, 'Em um cabo de par trançado, quantos pares de fios são realmente usados em redes Gigabit Ethernet?', '756'),
(190, 5, 'Qual dos componentes listados abaixo faz parte de um sistema de cabeamento estruturado?', '760'),
(191, 5, 'Qual o tipo de rede indicado para interligação de computadores geograficamente distantes?', '764'),
(192, 5, 'As redes locais de computadores são também conhecidas como:', '768'),
(193, 5, 'Qual a topologia mais usada hoje na construção de redes com o cabo par trançado (UTP) e hubs ou switches?', '772'),
(194, 5, 'Qual conector é usado nos cabos par trançado e coaxial respectivamente?', '776'),
(195, 5, 'Quais os dois tipos de cabos usados hoje para transmissão de dados em rede?', '780'),
(196, 5, 'Quais os materiais usados na construção de uma rede estrela?', '784'),
(197, 5, 'Qual as cores corretas do padrão T568A do cabo par trançado?', '788'),
(198, 5, 'Qual era o comprimento máximo de um segmento de rede Ethernet 10Base5?', '792'),
(199, 5, 'Em quantas camadas se divide o modelo de referência OSI?', '796'),
(200, 5, 'O que é uma rede de computadores?', '800'),
(201, 5, 'Quanto à dispersão geográfica como são classificadas as redes de computadores?', '804'),
(202, 5, 'Quanto á topologia física, como são denominadas as redes?', '808'),
(203, 5, 'O que é a tecnologia Broadcast?', '812'),
(204, 5, 'Dos equipamentos de rede abaixo, qual tem a função de escolher o melhor caminho para o envio da informação?', '816'),
(205, 5, 'Qual dos cabos abaixo foi o primeiro a aparecer na estrutura de rede?', '820'),
(206, 5, 'Como se classificam as fibras ópticas?', '824'),
(207, 5, 'Qual camada do Modelo OSI é responsável pela correção de erros e fluxo de dados de modo básico?', '828'),
(208, 5, 'Quais são os principais protocolos da camada de Transporte?', '832'),
(209, 5, 'Quais são as principais funções da camada de rede?', '836'),
(210, 5, 'Qual a ordem correta das camadas?', '840'),
(211, 5, 'Como é denominado o dado (PDU) na camada de transporte?', '844'),
(212, 5, 'Como é denominado o dado (PDU) na camada de Aplicação?', '848'),
(213, 5, 'Quantas camadas tem o modelo padrão TCP/IP?', '852'),
(214, 5, 'No modo de transmissão Half-Duplex:', '856'),
(215, 5, 'A qual camada pertence o protocolo IP?', '860'),
(216, 5, 'Na classe padrão C, quantos bytes são reservados para redes?', '864'),
(217, 5, 'Como é denominado o protocolo de configuração dinâmica de IP?', '868'),
(218, 5, 'Quais são os dois tipos de cabos de par trançado existentes?', '872'),
(219, 5, 'Qual é o tipo de conector usado pelos cabos de par trançado nas instalações de redes de computadores?', '876'),
(220, 5, 'Qual era o tipo de cabo usado nas antigas redes Ethernet 10Base2?', '880'),
(221, 5, 'Qual é a impedância típica de um cabo de par trançado blindado?', '884'),
(222, 5, 'Qual dos seguintes componentes NÃO é usado na montagem de um segmento Ethernet 10Base2?', '888'),
(223, 5, 'Para que uma placa de rede Ethernet 10Base5 fosse conectada a um cabo coaxial grosso era necessário a instalação de um:', '892'),
(224, 5, 'Qual é o comprimento máximo de um segmento de rede Fast Ethernet usando cabo par trançado sem blindagem?', '896'),
(225, 5, 'A qual classe pertence o seguinte endereço ip 152.13.4.0 ?', '900'),
(226, 6, 'Em Segurança da Informação o que significa CIDAL?', '904'),
(227, 6, 'Os controles de segurança impostos nas empresas são sempre bem aceitos pelos usuários que manipulam informações?', '908'),
(228, 6, 'A tecnologia utilizada na internet que se refere à segurança da informação é:', '912'),
(229, 6, 'Um computador é um equipamento capaz de processar com rapidez e segurança grande quantidade de informações. Assim, além dos componentes de hardware, os computadores necessitam de um conjunto de softwares denominado:', '916'),
(230, 6, 'Com relação à segurança da informação, assinale a opção correta:', '920'),
(231, 6, 'Com relação à segurança da informação, assinale a opção correta:', '924'),
(232, 6, 'A informação é um dos ativos mais importantes em uma empresa. Proteger os processos mais críticos do negócio corporativo, reduzir a probabilidade de ocorrência de incidentes relacionados à segurança e recuperar os danos em casos de desastres e incidentes são objetivos, entre outros, da implementação', '928'),
(233, 6, 'Um cliente precisa enviar uma mensagem criptografada com um algoritmo simétrico para um servidor. Para enviar a chave simétrica para o servidor, de forma que apenas o servidor consiga ter acesso a essa chave, o cliente deve criptografá-la com a(o)', '932'),
(234, 6, 'A técnica de defesa em profundidade utiliza vários componentes de segurança para formar um perímetro de segurança. O componente capaz de determinar que um ataque de inundação está sendo direcionado a um servidor é o:', '936'),
(235, 6, 'O RODC (Read-Only Domain Controller) fornece segurança aprimorada, tempos de logon mais rápidos e acesso mais eficiente aos recursos locais. A administração do RODC pode ser delegada:', '940'),
(236, 6, 'Assinale a opção correta acerca dos procedimentos para segurança da informação.', '944'),
(237, 6, 'Com base nas propriedades da segurança da informação, é correto afirmar que a utilização de assinatura digital garante', '948'),
(238, 6, 'NÃO está associada ao conceito de preservação da segurança da informação a:', '952'),
(239, 6, 'A criptografia hash permite que seja calculado um identificador digital de tamanho fixo, chamado de valor hash, a partir de uma string de qualquer tamanho.Assinale a alternativa que contém o algoritmo hash que trabalha com o valor fixo de 20 bytes', '956'),
(240, 6, 'Código malicioso utilizado para sequestrar o navegador de internet, direcionando o usuário do computador a sites diferentes daqueles que ele digitou, definindo determinado site como sendo a página inicial do navegador ou abrindo automaticamente pop-ups, geralmente com conteúdo pornográfico ou relaci', '960'),
(241, 6, 'Não fazer uso de informações privilegiadas obtidas no âmbito interno de entidade pública em benefício próprio, de parentes ou de terceiros e guardar sigilo sobre assuntos relativos à repartição em que trabalha são condutas do servidor público baseadas no princípio da:', '964'),
(242, 6, 'Um estudante desatento teve seus dados bancários, financeiros e informações sobre seus hábitos na internet transmitidos de seu notebook para uma empresa localizada na Ásia SPA sem o seu conhecimento ou consentimento SPA por um programa que se alojou no seu computador. Esse programa é classificado co', '968'),
(243, 6, 'Considerados como um tipo de trojan, nem sempre detectados apenas por antivírus, os rootkits, entre outras funções maliciosas, permitem ao cracker o acesso a informações digitadas pelos usuários em seus computadores, como senhas e nomes. Essa função é executada por um:', '972'),
(244, 6, 'Com relação a segurança da informação, assinale a opção correta.', '976'),
(245, 6, 'Com relação à segurança da informação nos ambientes computacionais, está correto afirmar:', '980'),
(246, 6, 'Em relação à segurança da informação, qual é a arquitetura cujo objetivo é promover a disponibilidade de recursos para recuperação de dados?', '984'),
(247, 6, 'Firewall é um software ou hardware que verifica informações vindas da Internet ou de uma outra rede. Dentre os ataques que NÃO são neutralizados por um firewall, inclui-se o ataque de:', '988'),
(248, 6, 'Assinale a opção que apresenta um recurso que pode propiciar confiabilidade quanto à autoria das transações comerciais realizadas via Internet por empresa de comércio eletrônico que faça negócios via Internet e cujos clientes sejam quaisquer usuários da Internet.', '992'),
(249, 6, 'Em relação aos sistemas de informação e sua segurança, assinale a opção correta:', '996'),
(250, 6, 'O Advance Fee Fraud ou a fraude da antecipação de pagamentos, como é o caso do golpe da Nigéria, é um tipo de golpe, entre outros, usado na Internet para comumente obter vantagens financeiras dos incautos, denominado.', '1000');

-- --------------------------------------------------------

--
-- Estrutura da tabela `resultado`
--

CREATE TABLE `resultado` (
  `id` mediumint(9) NOT NULL,
  `usuario_id` mediumint(9) NOT NULL,
  `pontuacao` int(11) NOT NULL DEFAULT '0',
  `data` timestamp NOT NULL DEFAULT CURRENT_TIMESTAMP
) ENGINE=InnoDB DEFAULT CHARSET=utf8mb4;

--
-- Extraindo dados da tabela `resultado`
--

-- --------------------------------------------------------

--
-- Estrutura da tabela `usuario`
--

CREATE TABLE `usuario` (
  `id` int(11) NOT NULL,
  `email` varchar(191) NOT NULL,
  `senha` varchar(191) NOT NULL,
  `nome` varchar(191) DEFAULT NULL,
  `admin` int(11) NOT NULL DEFAULT '0'
) ENGINE=InnoDB DEFAULT CHARSET=utf8mb4;

--
-- Extraindo dados da tabela `usuario`
--

INSERT INTO `usuario` (`id`, `email`, `senha`, `nome`, `admin`) VALUES
(1, 'usuario@usuario.com', 'senha', 'Usuario', 0),
(2, 'admin@admin.com', 'admin', 'Admin', 1);

--
-- Indexes for dumped tables
--

--
-- Indexes for table `categoria`
--
ALTER TABLE `categoria`
  ADD PRIMARY KEY (`id`);

--
-- Indexes for table `escolha`
--
ALTER TABLE `escolha`
  ADD PRIMARY KEY (`id`);

--
-- Indexes for table `pergunta`
--
ALTER TABLE `pergunta`
  ADD PRIMARY KEY (`id`);

--
-- Indexes for table `resultado`
--
ALTER TABLE `resultado`
  ADD PRIMARY KEY (`id`);

--
-- Indexes for table `usuario`
--
ALTER TABLE `usuario`
  ADD PRIMARY KEY (`id`),
  ADD UNIQUE KEY `email` (`email`);

--
-- AUTO_INCREMENT for dumped tables
--

--
-- AUTO_INCREMENT for table `categoria`
--
ALTER TABLE `categoria`
  MODIFY `id` mediumint(9) NOT NULL AUTO_INCREMENT, AUTO_INCREMENT=7;
--
-- AUTO_INCREMENT for table `escolha`
--
ALTER TABLE `escolha`
  MODIFY `id` mediumint(9) NOT NULL AUTO_INCREMENT, AUTO_INCREMENT=1001;
--
-- AUTO_INCREMENT for table `pergunta`
--
ALTER TABLE `pergunta`
  MODIFY `id` mediumint(9) NOT NULL AUTO_INCREMENT, AUTO_INCREMENT=251;
--
-- AUTO_INCREMENT for table `resultado`
--
ALTER TABLE `resultado`
  MODIFY `id` mediumint(9) NOT NULL AUTO_INCREMENT, AUTO_INCREMENT=1;
--
-- AUTO_INCREMENT for table `usuario`
--
ALTER TABLE `usuario`
  MODIFY `id` int(11) NOT NULL AUTO_INCREMENT, AUTO_INCREMENT=3;
/*!40101 SET CHARACTER_SET_CLIENT=@OLD_CHARACTER_SET_CLIENT */;
/*!40101 SET CHARACTER_SET_RESULTS=@OLD_CHARACTER_SET_RESULTS */;
/*!40101 SET COLLATION_CONNECTION=@OLD_COLLATION_CONNECTION */;
